{
    "id": "CofenseTriage",
    "title": "Cofense Triage",
    "publisher": "Cofense-Triage",
    "descriptionMarkdown": "The [Cofense-Triage](https://cofense.com/product-services/cofense-triage/) data connector gives the below capabilities : \n 1. CofenseBasedIndicatorCreator : \n >* Get Threat Indicators from the Cofense platform and create Threat Intelligence Indicators in Microsoft Sentinel. \n > * Ingest Cofense Indicator ID and report links into custom logs table. \n 2. NonCofenseBasedIndicatorCreatorToCofense : \n >* Get Non-Cofense Threat Intelligence Indicators from Microsoft Sentinel Threat Intelligence and create/update Indicators in Cofense. \n 3. IndicatorCreatorToDefender : \n >* Get Cofense Triage Threat Intelligence Indicators from Microsoft Sentinel Threat Intelligence and create/update Indicators in Microsoft Defender for Endpoints. \n\n\n For more details of REST APIs refer to the below two documentations: \n 1. Cofense API documentation: \n> https://`<your-cofense-instance-name>`.phishmecloud.com/docs/api/v2/index.html \n 2. Microsoft Threat Intelligence Indicator documentation: \n> https://learn.microsoft.com/en-us/rest/api/securityinsights/preview/threat-intelligence-indicator \n 3. Microsoft Defender for Endpoints Indicator documentation: \n> https://learn.microsoft.com/en-us/microsoft-365/security/defender-endpoint/ti-indicator?view=o365-worldwide",
    "graphQueries": [
        {
            "metricName": "Cofense Threat Indicators data received",
            "legend": "ThreatIntelligenceIndicator | where SourceSystem startswith 'Cofense : '",
            "baseQuery": "ThreatIntelligenceIndicator | where SourceSystem startswith 'Cofense : '"
        },
        {
            "metricName": "Total cofense report links data received",
            "legend": "Report_links_data_CL",
            "baseQuery": "Report_links_data_CL"
        },
        {
            "metricName": "Non-Cofense Threat Indicators data received",
            "legend": "ThreatIntelligenceIndicator | where SourceSystem !startswith 'Cofense : '",
            "baseQuery": "ThreatIntelligenceIndicator | where SourceSystem !startswith 'Cofense : '"
        }
    ],
    "sampleQueries": [
        {
            "description": "Cofense Based Indicators Events - All Cofense indicators in Microsoft Sentinel Threat Intelligence.",
            "query": "ThreatIntelligenceIndicator\n | where SourceSystem startswith 'Cofense : '\n | sort by TimeGenerated desc"
        },
        {
            "description": "Cofense report links Events - All cofense indicators report links data.",
            "query": "Report_links_data_CL\n | sort by TimeGenerated desc"
        },
        {
            "description": "Non-Cofense Based Indicators Events - All Non-Cofense indicators in Microsoft Sentinel Threat Intelligence.",
            "query": "ThreatIntelligenceIndicator\n | where SourceSystem !startswith 'Cofense : '\n | sort by TimeGenerated desc"
        }
    ],
    "dataTypes": [
        {
            "name": "ThreatIntelligenceIndicator",
            "lastDataReceivedQuery": "ThreatIntelligenceIndicator\n            | summarize Time = max(TimeGenerated)\n            | where isnotempty(Time)"
        },
        {
            "name": "Report_links_data_CL",
            "lastDataReceivedQuery": "Report_links_data_CL\n            | summarize Time = max(TimeGenerated)\n            | where isnotempty(Time)"
        }
    ],
    "connectivityCriterias": [
        {
            "type": "IsConnectedQuery",
            "value": [
                "ThreatIntelligenceIndicator\n            | where SourceSystem startswith 'Cofense : '\n            | summarize LastLogReceived = max(TimeGenerated)\n            | project IsConnected = LastLogReceived > ago(30d)"
            ]
        },
        {
            "type": "IsConnectedQuery",
            "value": [
                "Report_links_data_CL\n            | summarize LastLogReceived = max(TimeGenerated)\n            | project IsConnected = LastLogReceived > ago(30d)"
            ]
        },
        {
            "type": "IsConnectedQuery",
            "value": [
                "ThreatIntelligenceIndicator\n             | where SourceSystem !startswith 'Cofense : '\n            | summarize LastLogReceived = max(TimeGenerated)\n            | project IsConnected = LastLogReceived > ago(30d)"
            ]
        }
    ],
    "availability": {
        "status": 1,
        "isPreview": true
    },
    "permissions": {
        "resourceProvider": [
            {
                "provider": "Microsoft.OperationalInsights/workspaces",
                "permissionsDisplayText": "read and write permissions on the workspace are required.",
                "providerDisplayName": "Workspace",
                "scope": "Workspace",
                "requiredPermissions": {
                    "write": true,
                    "read": true,
                    "delete": true
                }
            },
            {
                "provider": "Microsoft.OperationalInsights/workspaces/sharedKeys",
                "permissionsDisplayText": "read permissions to shared keys for the workspace are required. [See the documentation to learn more about workspace keys](https://docs.microsoft.com/azure/azure-monitor/platform/agent-windows#obtain-workspace-id-and-key).",
                "providerDisplayName": "Keys",
                "scope": "Workspace",
                "requiredPermissions": {
                    "action": true
                }
            }
        ],
        "customs": [
            {
                "name": "Azure Subscription",
                "description": "Azure Subscription with owner role is required to register an application in azure active directory() and assign role of contributor to app in resource group."
            },
            {
                "name": "Microsoft.Web/sites permissions",
                "description": "Read and write permissions to Azure Functions to create a Function App is required. [See the documentation to learn more about Azure Functions](https://docs.microsoft.com/azure/azure-functions/)."
            },
            {
                "name": "REST API Credentials/permissions",
                "description": "**Cofense Client ID** and **Client Secret** is required.  See the documentation to learn more about API on the `https://<YourCofenseInstance>.phishmecloud.com/docs/api/v2/index.html`"
            },
            {
                "name": "Microsoft Defender for Endpoints",
                "description": "**Microsoft Defender for Endpoints License** is required for IndicatorCreatorToDefender function."
            }
        ]
    },
    "instructionSteps": [
        {
            "title": "",
            "description": ">**NOTE:** This connector uses Azure Functions to connect to the Cofense APIs to pull its Threat Indicators and create Threat Intelligence Indicators into Microsoft Sentinel Threat Intelligence and pulls Non-Cofense Threat Intelligence Indicators from Microsoft Sentinel and create/update Threat Indicators in Cofense. Likewise, it also creates/updates Cofense Based Threat Indicators in Microsoft Defender for Endpoints. All this might result in additional indicator and data ingestion costs. Check the [Azure Functions pricing page](https://azure.microsoft.com/pricing/details/functions/) for details."
        },
        {
            "title": "",
            "description": ">**(Optional Step)** Securely store workspace and API authorization key(s) or token(s) in Azure Key Vault. Azure Key Vault provides a secure mechanism to store and retrieve key values. [Follow these instructions](https://docs.microsoft.com/azure/app-service/app-service-key-vault-references) to use Azure Key Vault with an Azure Function App."
        },
        {
            "title": "",
            "description": "**STEP 1 - App Registration steps for the Microsoft Azure Active Directory Application**\n\n This integration requires an App registration in the Azure portal. Follow the steps in this section to create a new Azure Active Directory application:\n 1. Sign in to the Azure portal.\n 2. Search for and select Azure Active Directory.\n 3. Under Manage, select App registrations > New registration.\n 4. Enter a display Name for your application.\n 5. Select Register to complete the initial app registration.\n 6. When registration finishes, the Azure portal displays the app registration's Overview pane. You see the Application (client) ID and Tenant ID. The client ID and Tenant ID is required as configuration parameters for the execution of CofenseTriage Data Connector. \n\n> **Reference link:** [https://learn.microsoft.com/en-us/azure/active-directory/develop/quickstart-register-app](https://learn.microsoft.com/en-us/azure/active-directory/develop/quickstart-register-app)"
        },
        {
            "title": "",
            "description": "**STEP 2 - Add a client secret for Microsoft Azure Active Directory Application**\n\n Sometimes called an application password, a client secret is a string value required for the execution of CofenseTriage Data Connector. Follow the steps in this section to create a new App registration:\n 1. In the Azure portal, in App registrations, select your application.\n 2. Select Certificates & secrets > Client secrets > New client secret.\n 3. Add a description for your client secret.\n 4. Select an expiration for the secret or specify a custom lifetime. Limit is 24 months.\n 5. Select Add. \n 6. *Record the secret's value for use in your client application code. This secret value is never displayed again after you leave this page.* The secret value is required as configuration parameter for the execution of CofenseTriage Data Connector. \n\n> **Reference link:** [https://learn.microsoft.com/en-us/azure/active-directory/develop/quickstart-register-app#add-a-client-secret](https://learn.microsoft.com/en-us/azure/active-directory/develop/quickstart-register-app#add-a-client-secret)"
        },
        {
            "title": "",
            "description": "**STEP 3 - Assign role of Contributor to Microsoft Azure Active Directory Application**\n\n Follow the steps in this section to assign the role:\n 1. In the Azure portal, Go to Resource Group and select your resource group.\n 2. Go to Access control (IAM) from left panel.\n 3. Click on Add, and then select Add role assignment.\n 4. Select Contributor as role and click on next.\n 5. In Assign access to, select `User, group, or service principal`.\n 6. Click on add members and type your app name that you have created and select it.\n 7. Now click on Review + assign and then again click on Review + assign. \n\n> **Reference link:** [https://learn.microsoft.com/en-us/azure/role-based-access-control/role-assignments-portal](https://learn.microsoft.com/en-us/azure/role-based-access-control/role-assignments-portal)"
        },
        {
            "title": "",
            "description": "**STEP 4 - Assign Defender Threat Indicator permissions to Microsoft Azure Active Directory Application**\n\n Follow the steps in this section to assign the permissions:\n 1. In the Azure portal, in App registrations, select your application.\n 2. To enable an app to access Defender for Endpoint indicators, assign it 'Ti.ReadWrite.All' permission, on your application page, select API Permissions > Add permission > APIs my organization uses >, type WindowsDefenderATP, and then select WindowsDefenderATP.\n 3. Select Application permissions > Ti.ReadWrite.All, and then select Add permissions.\n 4. Select Grant consent.  \n\n> **Reference link:** [https://docs.microsoft.com/en-us/microsoft-365/security/defender-endpoint/exposed-apis-create-app-webapp?view=o365-worldwide](https://docs.microsoft.com/en-us/microsoft-365/security/defender-endpoint/exposed-apis-create-app-webapp?view=o365-worldwide)"
        },
        {
            "title": "",
            "description": "**STEP 5 - Credentials for the Cofense Client ID and Client Secret** \n\n * Get Cofense Client ID and Client Secret from the Cofense Triage."
        },
        {
            "title": "",
            "description": "**STEP 6 - Choose ONE from the following two deployment options to deploy the connector and the associated Azure Function**\n\n>**IMPORTANT:** Before deploying the Cofense Threat Indicators data connector, have the  Workspace ID and Workspace Primary Key (can be copied from the following) readily available.., as well as the Cofense API Authorization Key(s).",
            "instructions": [
                {
                    "parameters": {
                        "fillWith": [
                            "WorkspaceId"
                        ],
                        "label": "Workspace ID"
                    },
                    "type": "CopyableLabel"
                },
                {
                    "parameters": {
                        "fillWith": [
                            "PrimaryKey"
                        ],
                        "label": "Primary Key"
                    },
                    "type": "CopyableLabel"
                }
            ]
        },
        {
            "title": "Option 1 - Azure Resource Manager (ARM) Template",
            "description": "Use this method for automated deployment of the Cofense connector.\n\n1. Click the **Deploy to Azure** button below. \n\n\t[![Deploy To Azure](https://aka.ms/deploytoazurebutton)](https://portal.azure.com/#create/Microsoft.Template/uri/https%3A%2F%2Fraw.githubusercontent.com%2Frushitajudiya-crest%2Fcofense-triage%2Fmain%2Fazuredeploy_Connector_CofenseTriage_AzureFunction.json)\n2. Select the preferred **Subscription**, **Resource Group** and **Location**. \n3. Enter the below information : \n\t\tFunction Name \n\t\tWorkspace ID \n\t\tWorkspace Key \n\t\tCofense URL (https://<Cofense-instance>.phishmecloud.com/)  \n\t\tCofense Client ID \n\t\tCofense Client Secret \n\t\tAzure Client ID \n\t\tAzure Client Secret \n\t\tAzure Tenant ID \n\t\tAzure Resource Group Name \n\t\tAzure Workspace Name \n\t\tAzure Subscription ID \n\t\tThreat Level \n\t\tProxy Username (optional) \n\t\tProxy Password (optional) \n\t\tProxy URL (optional) \n\t\tProxy Port (optional) \n\t\tThrottle Limit for Non-Cofense Indicators (optional) \n\t\tLogLevel (optional) \n\t\tReports Table Name \n\t\tSchedule \n4. Mark the checkbox labeled **I agree to the terms and conditions stated above**. \n5. Click **Purchase** to deploy."
        },
        {
            "title": "Option 2 - Manual Deployment of Azure Functions",
            "description": "Use the following step-by-step instructions to deploy the Cofense Threat Indicators data connector manually with Azure Functions (Deployment via Visual Studio Code)."
        },
        {
            "title": "",
            "description": "**1. Deploy a Function App**\n\n> **NOTE:** You will need to [prepare VS code](https://docs.microsoft.com/azure/azure-functions/functions-create-first-function-python#prerequisites) for Azure function development.\n\n1. Download the [Azure Function App](https://aka.ms/sentinel-CofenseThreatIndicatorsAPI-functionapp) file. Extract archive to your local development computer.\n2. Start VS Code. Choose File in the main menu and select Open Folder.\n3. Select the top level folder from extracted files.\n4. Choose the Azure icon in the Activity bar, then in the **Azure: Functions** area, choose the **Deploy to function app** button.\nIf you aren't already signed in, choose the Azure icon in the Activity bar, then in the **Azure: Functions** area, choose **Sign in to Azure**\nIf you're already signed in, go to the next step.\n5. Provide the following information at the prompts:\n\n\ta. **Select folder:** Choose a folder from your workspace or browse to one that contains your function app.\n\n\tb. **Select Subscription:** Choose the subscription to use.\n\n\tc. Select **Create new Function App in Azure** (Don't choose the Advanced option)\n\n\td. **Enter a globally unique name for the function app:** Type a name that is valid in a URL path. The name you type is validated to make sure that it's unique in Azure Functions. (e.g. CofenseXXXXX).\n\n\te. **Select a runtime:** Choose Python 3.8 or above.\n\n\tf. Select a location for new resources. For better performance and lower costs choose the same [region](https://azure.microsoft.com/regions/) where Microsoft Sentinel is located.\n\n6. Deployment will begin. A notification is displayed after your function app is created and the deployment package is applied.\n7. Go to Azure Portal for the Function App configuration."
        },
        {
            "title": "",
            "description": "**2. Configure the Function App**\n\n1. In the Function App, select the Function App Name and select **Configuration**.\n2. In the **Application settings** tab, select **+ New application setting**.\n3. Add each of the following application settings individually, with their respective values (case-sensitive): \n\t\tWorkspace ID \n\t\tWorkspace Key \n\t\tCofense URL (https://<Cofense-instance>.phishmecloud.com/)  \n\t\tCofense Client ID \n\t\tCofense Client Secret \n\t\tAzure Client ID \n\t\tAzure Client Secret \n\t\tAzure Tenant ID \n\t\tAzure Resource Group Name \n\t\tAzure Workspace Name \n\t\tAzure Subscription ID \n\t\tThreat Level \n\t\tProxy Username (optional) \n\t\tProxy Password (optional) \n\t\tProxy URL (optional) \n\t\tProxy Port (optional) \n\t\tThrottle Limit for Non-Cofense Indicators (optional) \n\t\tLogLevel (optional) \n\t\tReports Table Name \n\t\tSchedule \n\t\tlogAnalyticsUri (optional) \n - Use logAnalyticsUri to override the log analytics API endpoint for dedicated cloud. For example, for public cloud, leave the value empty; for Azure GovUS cloud environment, specify the value in the following format: `https://<CustomerId>.ods.opinsights.azure.us`.\n4. Once all application settings have been entered, click **Save**."
        }
    ]
}